{"0": {"score": 0.2120331459011542, "breakdown": {"edge_score": 0.20322580645161292, "im_score": 0.008807339449541285, "yolo_score": 0}, "cnn": {"chair": 0.9731689095497131}}, "1": {"score": 0.3010273556231003, "breakdown": {"edge_score": 0.27902735562310027, "im_score": 0.022000000000000006, "yolo_score": 0}, "cnn": {}}, "2": {"score": 0.30090015792244257, "breakdown": {"edge_score": 0.268705035971223, "im_score": 0.03219512195121952, "yolo_score": 0}, "cnn": {}}, "3": {"score": 0.28519462719298244, "breakdown": {"edge_score": 0.26484375, "im_score": 0.02035087719298246, "yolo_score": 0}, "cnn": {}}}